{"cameraMode":{"drawMode":0,"name":"Shaded","section":"Shading Mode"},"sceneLighting":true,"audioPlay":false,"sceneViewState":{"showFog":true,"showMaterialUpdate":false,"showSkybox":true,"showFlares":true,"showImageEffects":true,"showParticleSystems":true},"in2DMode":false,"pivot":{"x":57.987735748291019,"y":-4.507026672363281,"z":-18.44890594482422},"rotation":{"x":-0.003479324048385024,"y":-0.9590790271759033,"z":0.28287166357040408,"w":-0.011790194548666478},"size":136.59194946289063,"orthographic":false}